Volts,Amps
10,0.000337727
5.3,0.000123636
16.46,0.000627727
14.04,0.000519091
15.84,0.0006
3.9,6.22727E-05
