Volts,Amps
4.14,0.000106818
9.07,0.000326818
12.28,0.000473636
16.14,0.000648636
12.31,0.000476364
3.35,7.45455E-05
