Volts,Amps
8,0.000280909
11.38,0.000432273
13.71,0.000535909
16.47,0.000664091
8.14,0.000283182
2.81,4.86364E-05
