Volts,Amps
11.75,0.000449545
3.93,0.000101364
16.4,0.000664545
14.71,0.000587273
10.34,0.000389091
1.82,1.04545E-05
