Volts,Amps
7.63,0.000234545
12,0.00043
14.18,0.000529091
3.64,5.63636E-05
16.48,0.000634545
4.58,0.000101364
